<filetype binary="false" default_extension="vajram" description="vajram-lang" name="vajram-lang">
  <highlighting>
    <options>
      <option name="LINE_COMMENT" value="//" />
      <option name="COMMENT_START" value="/*" />
      <option name="COMMENT_END" value="*/" />
      <option name="HEX_PREFIX" value="0x" />
      <option name="NUM_POSTFIXES" value="l" />
      <option name="HAS_BRACES" value="true" />
      <option name="HAS_BRACKETS" value="true" />
      <option name="HAS_PARENS" value="true" />
      <option name="HAS_STRING_ESCAPES" value="true" />
    </options>
    <keywords keywords="else;for;if;import;new;package;permits;private;public;return;this;throw" ignore_case="false" />
    <keywords2 keywords="int;int128;int64;string;uint" />
    <keywords3 keywords="@dep;@inject;@input;@mod;@named;@output" />
    <keywords4 keywords="#mod;#req" />
  </highlighting>
  <extensionMap>
    <mapping ext="vajram" />
  </extensionMap>
</filetype>